{"cameraMode":{"drawMode":0,"name":"Shaded","section":"Shading Mode"},"sceneLighting":true,"audioPlay":false,"sceneViewState":{"m_AlwaysRefresh":false,"showFog":true,"showSkybox":true,"showFlares":true,"showImageEffects":true,"showParticleSystems":true,"showVisualEffectGraphs":true,"m_FxEnabled":true},"in2DMode":false,"pivot":{"x":-490.0614318847656,"y":115.10941314697266,"z":-355.15863037109377},"rotation":{"x":0.18641924858093263,"y":0.37166041135787966,"z":-0.07633639127016068,"w":0.9063664674758911},"size":42.98984146118164,"orthographic":false}